NSE_code,Industry,Current_price,Fcf 3years,Fcf 5years,Fcf 7years,Fcf 10years,Market_capitalization
20MICRONS,Mining / Minerals / Metals,225.65,98.43,168.63,244.48,324.16,796.25
TCS,Computers - Software - Large,3957,117575,183038,232762,289602.28,1431677.22
BHARTIARTL,Telecommunications - Service Provider,1457.95,106839.9,125474.6,121100.3,134525.3,871006.32
A2ZINFRA,Engineering - Turnkey Services,21.67,190.45,149.84,259.98,365.45,381.65
AAATECH,Computers - Software - Medium / Small,110.9,14.85,8.6,9.58,9.58,142.24
ICICIBANK,Banks - Private Sector,1201.5,204093.28,418149.37,484086.52,544807.19,845398.02
AARVEEDEN,Textiles - Cotton/Blended,28.21,221.36,334.3,346.95,487.64,66.18
INFY,Computers - Software - Large,1573.6,64621,99434,123050,145232,653342.27
HINDUNILVR,Personal Care - Multinational,2501,30987,42897,53139,64093.11,587632.79
ACCORD,Telecommunications - Service Provider,28.3,0.11,14.91,10.19,4.33,9.83
ITC,Cigarettes,425.75,43674.51,66642.9,86455.93,108022.46,531537.07
LT,Engineering - Turnkey Services,3529,49163.05,74708.98,54407.68,43419.17,485183.91
HCLTECH,Computers - Software - Large,1468.95,53342,82737,91281,105517.37,398623.82
AXISBANK,Banks - Private Sector,1266.75,39501.66,80548.36,77614.73,57395.33,391431.39
MARUTI,Automobiles - Passenger Cars,12125,9166.7,15790.4,25591.8,41932.7,381213.08
TATAMOTORS,Automobiles - LCVs / HCVs,992.3,52520.2,58768.28,31231.54,55511.07,363771.58
SUNPHARMA,Pharmaceuticals - Indian - Bulk Drugs & Formln,1512.25,20408.88,30611.02,31657.98,41818.79,362839.44
NTPC,Power Generation And Supply,370.85,42831.9,57821.14,55890.91,50407.98,359600.88
KOTAKBANK,Banks - Private Sector,1803,20064.9,70852.03,61424.96,81013.43,358427.66
ADVANIHOTR,Hotels,70.83,61.34,75.35,97.09,128.98,654.73
ONGC,Oil Drilling / Allied Services,274,154513.49,198395.91,263153.85,336850.7,344699.68
ULTRACEMCO,Cement - North India,11748.8,8719.69,26666.84,32979.68,40491.68,339184.68
ADANIPORTS,Miscellaneous,1482,17364.59,26415.86,32468.96,34882.26,320132.58
AHIMSA,Plastics Products,18.9,4.21,7.24,10.21,9.95,10.35
POWERGRID,Power Generation And Supply,327.35,75145.52,114303.16,111653.92,93455.39,304455.24
TITAN,Diamond Cutting / Jewellery,3409.05,1034,4341,4970.18,7050.91,302650.76
COALINDIA,Mining / Minerals / Metals,472.1,51384.69,50512.76,72453.9,97086.84,290942.37
ASIANPAINT,Paints / Varnishes,2915.2,6861.76,12962.06,15002.71,18053.62,279625.36
AKSHOPTFBR,Cables - Telephone,8.2,123.24,292.71,178.28,219.81,133.4
AKSHAR,Textiles - Cotton/Blended,2.62,11.3,24.59,34.86,10.08,78.6
SIEMENS,Electric Equipment,7810.85,3109.4,4973.6,5719.7,7429.2,278160.22
ALBERTDAVD,Pharmaceuticals - Indian - Bulk Drugs & Formln,1339.95,72.1,122.61,199.17,279.89,765.06
ADANIPOWER,Power Generation And Supply,719.15,23555.36,30339.77,39165.21,49433.42,277371.76
HINDZINC,Mining / Minerals / Metals,654.45,31274,42417,54934,69372.67,276525.99
ALKALI,Chemicals,151.7,20.98,24.37,32.37,49.97,154.43
WIPRO,Computers - Software - Large,527.45,37742.1,58456.3,74357.2,95376.3,275865
BAJAJ-AUTO,Automobiles - Scooters And 3 - Wheelers,9629.9,13831.12,20267.56,26790.82,35098.78,268847.29
NESTLEIND,Food - Processing - MNC,2571,5998.38,10121.79,13633.4,17174.34,247884.85
ALLCARGO,Miscellaneous,61.04,1867.17,1587.39,1837.95,2796.25,5998.89
IOC,Refineries,167.25,34218.94,37846.1,36183.48,93827.31,236177.72
JSWSTEEL,Steel - Large,943.55,21327,30927,43101,49696.82,230740.81
ALMONDZ,Finance & Investments,137.65,2.46,17.29,51.63,73.81,381.08
ALPHAGEO,Miscellaneous,386.45,75.15,59.49,166.54,131.5,245.95
ALPSINDUS,Textiles - Products,4.07,122.91,231.52,343.16,786.06,15.91
BEL,Electronics - Components,308.5,8353.66,14803.65,14096.41,16059.17,225506.64
TATASTEEL,Steel - Large,175.5,44866.03,92815.2,110250.78,115001.73,219085.9
AMBICAAGAR,Chemicals,26.27,23.85,34.28,41.65,90.21,45.11
AMBIKCO,Textiles - Cotton/Blended,1653,17.06,126.29,88.34,214.83,946.35
DLF,Construction,824,8171.55,9917.96,10937.54,13405.83,203965.69
AMJLAND,Construction,41.91,25.43,28.36,39.25,38.54,171.83
TRENT,Trading,5419.65,1174.61,1615.55,1411.28,1258.23,192661.76
ABB,Electric Equipment,8531,2276.79,3026.72,4023.16,5445.32,180779.04
VEDL,Mining / Minerals / Metals,461.55,63166,92059,117066,151910,171567.64
AMBUJACEM,Cement - North India,671.5,1366.49,7605.14,10548.25,14264.93,165398.72
INDIGO,Transport - Airlines,4245.8,34086.98,37929.84,42066.81,50459.03,163879.25
LTIM,Computers - Software - Large,5490,9194.3,12728.3,14715.9,17009.36,162593.69
ANKITMETAL,Steel - Medium / Small,4,93.85,444.57,626.7,439.56,56.44
ANMOL,Trading,35.2,87.59,94,123.07,127.4,200.34
ANSALAPI,Construction,9.5,559.78,915.86,1637.97,1323.2,149.52
PIDILITIND,Chemicals,3163.75,3812.33,5688.08,6803.14,8359.01,160911.28
APEX,Aquaculture,223.5,124.33,144.75,60.88,69.82,698.46
HINDALCO,Aluminium and Aluminium Products,695,29327,46929,60879.99,79761.09,156181.51
APOLSINHOT,Hotels,1490.4,2.04,28.95,65.08,76.44,387.57
SBILIFE,Finance & Investments,1495.55,79373.75,122346.49,145959.42,162623.14,149790.84
TECHM,Computers - Software - Large,1455,14691.5,25741.6,32157.6,39069,142281.85
ARCHIES,Trading,26.74,21.02,44.88,48.05,47.88,90.33
ARIES,Fertilizers,265.15,148.36,236.12,276.33,374.48,344.71
GODREJCP,Personal Care - Indian,1382.75,5405.05,8706.91,11639.89,14773.19,141430.5
ARSHIYA,Miscellaneous,5.49,180.6,255.55,512.33,561.87,144.65
MOTHERSON,Auto Ancillaries,197.15,6045.45,13322.05,15182.35,18011.65,133597.18
BPCL,Refineries,305.7,42968.38,53082.96,56122.62,66407.63,132628.14
BRITANNIA,Food - Processing - MNC,5445.45,4721.66,7599.93,9183.92,10614,131163.64
EICHERMOT,Automobiles - Motorcycles / Mopeds,4677,5971.44,8297.11,10818.94,13012.87,128154.73
ASIANHOTNR,Hotels,135.5,128.91,305.02,552.63,799.76,263.54
HDFCLIFE,Finance & Investments,595,23271.25,40264.63,56795.99,72984.59,127983.27
DIVISLAB,Pharmaceuticals - Indian - Bulk Drugs,4553.65,3443.32,4513.3,5236.66,7171.66,120885.1
ASPINWALL,Miscellaneous,283,52.56,97.26,73.44,99.11,221.26
CIPLA,Pharmaceuticals - Indian - Bulk Drugs & Formln,1488.3,7565.85,12612.42,14523.09,17042.61,120182.9
HAVELLS,Electric Equipment,1848.9,2645.3,3619.53,3131.9,4753.38,115867.4
HEROMOTOCO,Automobiles - Motorcycles / Mopeds,5693.1,7743.21,15510.15,18762.75,24582.59,113822.74
ATLANTAA,Engineering - Turnkey Services,44.66,349.84,607.75,682.42,1387.81,363.98
CUMMINSIND,Engines,3978.3,2433.57,3469.75,4290.34,5173.85,110278.49
CGPOWER,Electric Equipment,709.65,1452.59,1844.23,2728.73,1891.67,108391.9
DABUR,Personal Care - Indian,608.9,3888.44,6909.91,9075.24,11610.31,107916.04
ZYDUSLIFE,Pharmaceuticals - Indian - Bulk Drugs & Formln,1066.85,5092.3,9581.9,9701.4,9512.6,107350.09
DRREDDY,Pharmaceuticals - Indian - Bulk Drugs & Formln,6421.85,7154.9,11889.2,14849.6,18850.1,107135.55
AVTNPL,Food - Processing - Indian,85.35,189.26,248,173.19,208.75,1299.87
JINDALSTEL,Steel - Sponge Iron,1049.75,11630.75,30062.78,44002.58,45110.21,107083.79
TATACONSUM,Tea,1093.15,4217.57,6626.23,6585.06,7402.52,104159.13
UNIONBANK,Banks - Public Sector,135.25,58250.02,78095.69,75802.68,65054.78,103244.52
AYMSYNTEX,Textiles - Processing,103,37.93,173.06,98.71,162.86,522.53
INDUSTOWER,Transmisson Line Towers / Equipment,382.3,14123.8,21239.4,26088.9,31336.8,103027.44
BCP,Trading,4.69,9.85,27.18,35.75,44.95,32.74
BLKASHYAP,Construction,93.5,249.97,250.49,518.62,792.74,2107.85
POLYCAB,Cables - Power,6734,1398.99,2415.57,3543.34,3483.99,101208.53
BOSCHLTD,Auto Ancillaries,34280.25,1364.6,2917.3,4175.3,6886.6,101104.93
BAJAJHIND,Sugar,41.25,2034.46,3254.77,5284.29,5954.97,5269.13
NHPC,Power Generation And Supply,100.35,562.85,2935.17,8531.8,21432.36,100801.95
BALPHARMA,Pharmaceuticals - Indian - Bulk Drugs & Formln,119.15,13.68,50.86,46.85,20.42,188.3
BAJAJHLDNG,Finance & Investments,8705.85,5274.9,7461.74,9720.44,10739.48,96887.43
TORNTPHARM,Pharmaceuticals - Indian - Formulations,2813.4,6527.11,9188.52,10431.08,13677.43,95213.96
UNITDSPR,Breweries & Distilleries,1270.7,2425.4,4703,6469.8,6649.15,92424.49
SOLARINDS,Chemicals,10022.45,1057.96,1241.03,1336.37,1501.44,90693.23
ICICIGI,Finance & Investments,1817.25,5124.5,9949.97,15125.27,17009.28,89617.79
NAUKRI,Miscellaneous,6887.9,1582.03,2094,2410.01,2262.49,89118.49
MAHABANK,Banks - Public Sector,64.42,16282.52,19124.63,6298.35,15216.69,45618.24
BASML,Textiles - Cotton/Blended,48.51,94.83,384.76,398.91,465.26,314.54
OFSS,Computers - Software - Medium / Small,10211.9,5301.01,8670.09,11100.48,13897.53,88549.27
BVCL,Cement - North India,67.26,87.51,75.99,97.61,130.46,149.05
APOLLOHOSP,Healthcare,6135,2081.8,3848.3,3997.96,3162.94,88211.88
INDHOTEL,Hotels,617,2879.92,2885.53,3123.68,4514.15,87825.78
RVNL,Construction,417.8,3163.46,2456.8,1279.73,2383.23,87112.09
BEARDSELL,Plastics Products,37.77,4.93,23.47,27.58,35.94,148.96
BEDMUTHA,Steel - Medium / Small,236.2,167.86,293.34,306.1,212.3,762.07
MARICO,Solvent Extraction,621.2,3422,6326,7633,9538.23,80422.71
BGRENERGY,Engineering - Turnkey Services,38,787.83,1624.54,1842.24,2405.3,274.23
BHAGERIA,Dyes And Pigments,170.5,34.36,49.42,122.74,120.35,744.14
IRCTC,Travel Agencies,995.5,1895.16,2439.7,2874.11,3445.22,79640
BHARATFORG,Castings & Forgings,1685.8,29.9,724.18,902.88,2101.84,78488.92
COLPAL,Personal Care - Multinational,2882.65,3806.38,5402.11,6766.11,7889.07,78403.95
OIL,Oil Drilling / Allied Services,719.8,8329.4,13625.01,17415.53,17403.96,78055.44
SUPREMEIND,Plastics Products,5993.4,1338.91,2663.94,3119.59,3619.94,76132.29
BHARATGEAR,Auto Ancillaries,110.55,75.44,154.14,133.59,178.52,169.74
DIXON,Electronics - Consumer,12373.8,146.64,278.05,191.51,245.66,74038.77
NMDC,Mining / Minerals / Metals,249.65,12355.5,17722,21036.06,20937.39,73162.54
LUPIN,Pharmaceuticals - Indian - Bulk Drugs & Formln,1602.6,2637.19,4585.11,5552.61,2767.06,73065.12
BIOFILCHEM,Pharmaceuticals - Indian - Formulations,64.7,1.96,3.65,3.58,3.6,105.28
SCHAEFFLER,Bearings,4649.65,934.91,1536.34,1797.26,2098.57,72675.73
LINDEINDIA,Chemicals,8413,606.33,1128.65,1599.03,1945.37,71746.08
TORNTPOWER,Power Generation And Supply,1484.05,2772.74,6734.93,7700.21,9429.94,71325.93
AUROPHARMA,Pharmaceuticals - Indian - Bulk Drugs & Formln,1210.85,1303.52,5776.12,6604.08,8543.05,70948.41
BLUECHIP,Finance & Investments,4.3,2.19,4.04,3.17,3.09,23.78
HINDPETRO,Refineries,333.05,5042.98,2940.49,4562.1,23886.91,70867.12
GICRE,Finance & Investments,385.8,31763.88,53656.22,70041.79,86511.44,67684.75
PERSISTENT,Computers - Software - Large,4375.4,1930.11,2817.96,3568.9,3943.96,67403.01
JSL,Steel - Large,815.35,4884.76,7035.85,9505.97,15917.03,67138.75
FACT,Fertilizers,1030.05,942.07,3074.1,3289.2,3286.81,66651.63
ASTRAL,Plastics Products,2380.9,718.7,1403.8,1624.18,1701.58,63957.34
BCG,Computers - Software - Medium / Small,8.98,652.01,683.97,757.67,962.41,1812.09
CONCOR,Miscellaneous,1042.5,2203.95,6060.44,3834.96,3304.95,63518.96
BURNPUR,Cement - North India,9.34,47.35,50.54,58.31,152.31,80.48
BALKRISIND,Tyres,3207.95,16.07,822.02,1246.61,3360.04,62015.22
SAIL,Steel - Large,149.5,17448.07,32467.62,35361.3,24606.1,61751.38
PATANJALI,Solvent Extraction,1647,1906.32,2046.55,3163.56,2943.48,59620.55
ALKEM,Pharmaceuticals - Indian - Bulk Drugs & Formln,4975.3,3997.09,5350.08,5191.8,5691.03,59487.18
COCHINSHIP,Miscellaneous,2260.05,2132.27,2248.19,2073.69,2833.27,59457.56
BERGEPAINT,Paints / Varnishes,508.85,1359.56,2264.23,2716.22,3576.97,59321.52
BDL,Engineering,1616,2780.8,4239.64,3724.74,2294.01,59236.51
ABBOTINDIA,Pharmaceuticals - Multinational,27674.35,2928.26,4242.37,4925.99,5637.97,58808
PIIND,Pesticides / Agrochemicals - Indian,3838.15,2788.3,3104.5,3277.4,3538.59,58231.7
CAREERP,Miscellaneous,396.25,11.02,24.59,128.66,69.54,720.9
PGHH,Personal Care - Multinational,16647.35,2136.38,2969.98,3748.82,4585.72,54038.54
UBL,Breweries & Distilleries,2014.05,339.61,914.61,1482.9,2521.53,53251.5
CELEBRITY,Textiles - Products,19.33,48.73,59.43,72.05,117.32,109.31
TATACOMM,Telecommunications - Service Provider,1862.35,6563.07,9237.96,9445.36,11634.68,53077
LTTS,Computers - Software - Large,4987.05,2990.8,4703.6,5647.9,6660.44,52777.63
CENTEXT,Aluminium and Aluminium Products,20.6,13.93,50.94,45.05,59.84,164.8
PETRONET,Miscellaneous,334.05,8893.7,15202.22,20001.25,23927.38,50107.5
AUBANK,Banks - Private Sector,673.3,14027.74,19513.04,22577.36,17207.47,50021.99
HONAUT,Electronics - Components,56583.2,1048.35,1636.35,2169.04,2504.4,50019.55
ACC,Cement - North India,2649,112.26,3343.4,4997.85,5972.3,49744.87
VOLTAS,Air-conditioners,1483,992.49,1909.18,1799.52,2923.81,49070.25
CHEMFAB,Chemicals,611.4,162.04,204.06,211.63,238.96,869.81
CHEVIOT,Textiles - Jute - Yarn / Products,1473.25,111.1,164.68,205.28,252.15,886.44
COROMANDEL,Fertilizers,1603.9,2734.51,8298.22,8687.14,9426.38,47234.94
MPHASIS,Computers - Software - Large,2493.25,5035.24,7561.29,9121.52,10838.65,47145.42
ESCORTS,Automobiles - Tractors,4172.9,748.43,2368.54,2335.43,2674.61,46109.82
CLEDUCATE,Miscellaneous,85.47,95.59,135.29,7.1,137.66,461.98
APLAPOLLO,Steel - Large,1621.2,362.28,1267.75,1322.74,1501.15,44992.3
GLAXO,Pharmaceuticals - Multinational,2653.7,3395.7,4267.51,5073.26,5155.59,44955.31
TATAELXSI,Computers - Software - Medium / Small,7055.4,1453.22,2084.65,2453.51,2765.78,43938.51
COFFEEDAY,Hotels,55.56,691.28,2578.47,1869.23,1723.49,1173.73
GUJGASLTD,Miscellaneous,633.85,2383.99,4113.81,4877.3,5917.34,43633.6
PAGEIND,Textiles - Products,38945.25,1049.47,2174.12,2762.76,3281.56,43423.92
COMPINFO,Trading,3.69,135.2,104.27,87.21,143.92,31.65
CONSOFINVT,Finance & Investments,197.4,17.42,34.23,93.15,8.75,638.88
UPL,Pesticides / Agrochemicals - Indian,572.3,9261,21212,23450,26412.95,42957.26
NAM-INDIA,Finance & Investments,668.2,1913.54,2950.83,3689.33,4153.39,42190.27
CORALFINAC,Finance - Housing,50,31.17,43.25,49.5,53.64,201.5
CORDSCABLE,Cables - Power,234,73.53,120.69,140.45,202.96,302.51
3MINDIA,Diversified - Large,37310,1183.71,1656.21,1900.33,2674.26,42048.39
CCHHL,Hotels,18.29,89.4,275.56,403.49,466.48,298.97
KEI,Cables - Power,4467,795.8,833.32,1459.88,1638.01,40310.86
AIAENG,Castings & Forgings,4224.55,1203.97,2227.67,2375.72,3069.29,39846.12
GET&D,Electric Equipment,1540,418.78,451.64,1133.24,1558.58,39431.68
CROWN,Miscellaneous,325,11.19,36.04,53.18,40.34,364.76
ENDURANCE,Auto Ancillaries,2701.95,699.4,1473.69,2010.1,2509.59,38006.41
MRPL,Refineries,215.55,15055.39,10135.04,13485.22,10664.97,37777.26
CUPID,Miscellaneous,90.5,14.65,60.41,73.26,107.2,2429.65
CYBERMEDIA,Entertainment / Electronic Media Software,25.89,11.59,13.21,14.03,29.88,40.57
CYBERTECH,Computers - Software - Medium / Small,182.8,85.42,119.74,136.63,129.92,569.08
JUBLFOOD,Hotels,571,823.7,1801.03,2351.9,2330.96,37677.18
COFORGE,Computers - Software - Medium / Small,5536.4,2058.5,2971.7,3651.3,4309.85,36922.57
DPWIRES,Steel - Medium / Small,452.35,54.01,88.36,62.91,57.12,701.15
IGL,Miscellaneous,517.25,2003.01,3063.59,3949.51,5495.76,36207.54
FORTIS,Healthcare,478.7,1289.02,1597.9,1774.14,2120.35,36139.85
NATIONALUM,Aluminium and Aluminium Products,192.2,3231.92,3029.17,5443.4,6665.44,35300.08
BSE,Miscellaneous,2600.75,3840.22,4093.58,3417.23,3845,35207.99
DAMODARIND,Textiles - Spinning - Synthetic / Blended,52.76,158.19,220.81,20.79,99.35,122.93
DEEPAKNTR,Chemicals,2549,1037.29,2173.82,1542.11,1448.86,34766.57
DBSTOCKBRO,Finance & Investments,47.37,26.39,39.97,51.21,57.73,165.8
DCM,Castings & Forgings,78.33,31.75,66.11,225.3,233.38,146.29
APOLLOTYRE,Tyres,541.15,4476.77,5479.18,2928.83,1855.68,34368.51
DCW,Petrochemicals,55.75,442.53,796.47,1088.65,1216.64,1645.47
DENORA,Engineering,1681,30.37,36.52,27.39,51.05,892.6
DELPHIFX,Finance & Investments,211.3,33.57,87.41,152.46,253.32,235.13
MFSL,Finance & Investments,983.5,24005.08,36144.47,52357.58,64776.44,33942.03
DIGISPICE,Computers - Software - Medium / Small,52,165.2,319.96,242.91,22.44,1208.81
DNAMEDIA,Entertainment / Electronic Media Software,4.94,149.33,431,430.27,301.54,58.14
DISHTV,Entertainment / Electronic Media Software,15.74,905.73,3230.95,3690.24,3935.45,2898.2
TATAINVEST,Finance & Investments,6560,586.43,789.08,947.68,1196.83,33190.5
EMAMILTD,Personal Care - Indian,759.15,1632.58,2904.73,3790.16,5093.62,33136.94
SKFINDIA,Bearings,6661.05,1047.19,1572.39,2029.98,2283.75,32930.86
CARBORUNIV,Abrasives And Grinding Wheels,1727.05,181.44,813.91,1041.82,1667.42,32858.39
CRISIL,Miscellaneous,4435.9,1568.78,2453.39,3058.42,3803.64,32436.99
TIMKEN,Bearings,4306.75,313.65,658.28,757.24,842.21,32394.84
DRSDILIP,Miscellaneous,135,38.98,56.95,57.23,90.58,203.34
DWARKESH,Sugar,74.18,356.58,532.7,491.61,495.93,1374.57
HINDCOPPER,Mining / Minerals / Metals,324.5,1487.93,1982.09,1809.42,1511.08,31379.92
GRINDWELL,Abrasives And Grinding Wheels,2818.9,337.47,888.14,1001.43,1287.9,31210.86
BAYERCROP,Pesticides / Agrochemicals - Multinational,6902.8,1617.1,2910.6,3368.4,3943.4,31022.67
EDELWEISS,Finance & Investments,66.36,9980.19,25672.75,18080.03,4163.07,6263.55
ARE&M,Auto Ancillaries,1652.4,1227.33,2010.02,1959.48,2135.01,30243.14
SUNTV,Entertainment / Electronic Media Software,761.2,3939.64,6170.63,8296.35,11042.37,29997.71
ZFCVINDIA,Auto Ancillaries,15680.75,144.64,344.9,591.34,907.74,29730.7
IPCALAB,Pharmaceuticals - Indian - Bulk Drugs & Formln,1142.55,1272.12,2279.99,2807.9,3211.16,28986.99
AJANTPHARM,Pharmaceuticals - Indian - Formulations,2289.85,1695.64,2340.79,2391.48,2909.37,28833.28
TATACHEM,Chemicals,1111.8,3000,4414.42,6055.73,11297.8,28324.23
SUNDRMFAST,Auto Ancillaries,1347,633.51,1294.87,1314.67,1701.78,28304.28
EMAMIPAP,Paper,117.7,642.81,1155.43,1216.17,546.04,712.07
EMMBI,Packaging,113,29.39,18.83,27.81,47.38,199.91
EIHOTEL,Hotels,421.8,984.46,921.21,1009.04,1337.41,26377.89
ENERGYDEV,Power Generation And Supply,24,57.26,90.61,121.76,124.63,114.02
RATNAMANI,Steel - Medium / Small,3649.4,48.33,382.23,628.68,855.68,25579.4
EROSMEDIA,Entertainment / Electronic Media Software,19.5,495.44,637.73,295.43,566.13,187.01
CDSL,Miscellaneous,2411,611.67,859.13,936.79,1041.22,25194.95
ESSARSHPNG,Shipping,49.4,1064.55,1282.47,2155.98,3554.29,1022.5
NH,Healthcare,1217.5,897.37,1460.8,1569.6,1726.27,24880.91
FINCABLES,Cables - Power,1599.1,1089.98,1426.55,1735.09,2326.22,24456.51
SUMICHEM,Pesticides / Agrochemicals - Indian,487.1,1075.9,1641.53,1683.12,1411.05,24313.35
GILLETTE,Personal Care - Multinational,7437.6,1082.19,1330.57,1677.06,2015.02,24239.14
LALPATHLAB,Healthcare,2832.65,862.94,1406.87,1708.5,2030.94,23647.04
ELGIEQUIP,Compressors / Drilling Equipment,735.15,399.52,604.43,732,988.24,23297.61
KAJARIACER,Ceramics - Tiles / Sanitaryware,1451.2,572.64,1083.32,1386.73,1544.64,23111.54
ANGELONE,Finance & Investments,2551.15,654.01,72.14,433.69,117.2,22975.16
FCSSOFT,Computers - Software - Medium / Small,4.1,18.06,9.57,50.29,47.69,700.92
KEC,Transmisson Line Towers / Equipment,889.05,96.32,707.64,1322.2,3087.38,22856.42
CIEINDIA,Castings & Forgings,596.9,2119.28,2970.08,3487.08,4209.94,22644.13
GODFRYPHLP,Cigarettes,4264.95,1333.02,1767.04,2456.68,2776.17,22175.14
KANSAINER,Paints / Varnishes,273.5,760.02,1661.3,1253.32,1905.96,22109.18
FILATEX,Textiles - Manmade,57.65,529.02,631.54,683.4,563.81,2558.82
SCHNEIDER,Electric Equipment,916.8,286.95,276.15,380.95,198.29,21920.68
BASF,Chemicals,5033.45,1382.61,2314.81,2418.22,2487.35,21789.82
NATCOPHARM,Pharmaceuticals - Indian - Bulk Drugs & Formln,1214.95,1386.5,1558.9,1840.9,1838.3,21760.97
CESC,Power Generation And Supply,161,4603.9,9230.42,12279.87,13689.7,21341.66
PFIZER,Pharmaceuticals - Multinational,4614.8,1183.68,1936.25,2323.38,3209.37,21111.64
FLEXITUFF,Packaging,30.9,118.69,257.44,503.72,563.53,83.07
SOBHA,Construction,1961.7,2429.92,2996.51,3392.42,3715.58,20981.12
CHAMBLFERT,Fertilizers,519.7,5575.21,12460.09,8876.21,9489.96,20821.91
RELAXO,Leather / Leather Products,831.9,125.97,720.23,797.85,890.31,20709.21
CASTROLIND,Chemicals,208.85,2114.29,3763.52,4807.85,6649.52,20657.88
CYIENT,Computers - Software - Medium / Small,1848.95,1708.5,2838,3213.5,3961.17,20507.83
FINPIPE,Plastics Products,327.6,1319.5,2241.81,2697.01,3573.27,20326.88
RAYMOND,Textiles - Products,3045.05,1684.9,2584.94,2493.07,2814.47,20272.08
GANDHITUBE,Steel - Medium / Small,801.7,107.4,156.59,215.85,274.2,974.23
NCC,Construction,321.15,3234.25,4815.42,5363.8,6401.47,20163.31
MCX,Miscellaneous,3901.75,757.37,973.63,1277.43,1337.36,19898.93
BSOFT,Computers - Software - Medium / Small,710.75,1422.4,2213.66,2344.05,2804.48,19622.42
VINATIORGA,Chemicals,1890.65,384.6,800.41,886.84,1065.42,19599.56
TRITURBINE,Electric Equipment,613.25,815.77,1166.26,1342.91,1498.21,19493.77
GEEKAYWIRE,Steel - Medium / Small,92.52,71.19,55.37,43.12,20.47,483.51
HSCL,Chemicals,395,637.57,597.78,1064.65,1731.36,19462.41
IDFC,Finance & Investments,121.3,5085.85,3822.5,6472.79,12431.21,19407.81
GFLLIMITED,Finance & Investments,82.36,491.46,1276.19,1799.3,1147.38,904.71
BATAINDIA,Leather / Leather Products,1510,1058.15,1979.47,2327.02,2685.55,19407.62
GILLANDERS,Diversified - Medium / Small,101.93,129.36,341.81,481.62,587,217.5
BLUEDART,Couriers,8125.25,1421.52,2177.9,2253.73,2656.53,19281.19
GINNIFILA,Textiles - Cotton/Blended,31.9,37.27,149.43,197.23,385.59,273.22
VGUARD,Electric Equipment,432.7,521.28,734.12,849.06,1130.34,18815.1
GLOBAL,Miscellaneous,170.15,41.12,43.51,37.55,41.5,346.44
KPIL,Transmisson Line Towers / Equipment,1148.7,913.58,2083.34,2410.46,3189.98,18660.17
GLOBALVECT,Transport - Airlines,204,239.02,316.74,394.87,582.24,285.6
BEML,Engineering,4469.15,964.93,668.1,925.07,1624.3,18609.56
LAXMIMACH,Textile Machinery,17291.75,513.2,647.46,654.15,655.45,18472.79
BIKAJI,Food - Processing - Indian,724.7,186.09,248.52,250.93,140.1,18145.16
GOACARBON,Petrochemicals,800,36.2,21.29,151.03,185,731.99
APLLTD,Pharmaceuticals - Indian - Bulk Drugs & Formln,912.5,897.79,1416.77,970.71,1913.58,17936.4
KIRLOSBROS,Pumps,2206.4,506.58,919.71,973.99,1062.32,17520.74
GESHIP,Shipping,1227.1,6059.22,8457.15,9435.8,10844.46,17518.98
JINDALSAW,Steel - Large,546.55,2841.68,5121.83,6569.69,6985.9,17476.16
GOKUL,Solvent Extraction,39.4,21.87,80.88,510.04,622,390.05
GOLDENTOBC,Construction,43.8,46.91,112.06,226.1,200.46,77.13
ACE,Engineering,1461.55,565.26,645.01,753.39,871.86,17404.64
ASTERDM,Healthcare,346.6,1164.19,3061.81,3147.96,1871.13,17313.13
GULFPETRO,Chemicals,67.35,124.88,178.69,129.07,140.98,343.36
ZENSARTECH,Computers - Software - Medium / Small,759.1,1586.8,3013.63,3272.34,4037.35,17206.46
SONATSOFTW,Computers - Software - Medium / Small,610.35,948.48,1749.32,2018.18,2417.99,17115.72
GSPL,Miscellaneous,299.9,5068.22,9176.94,11390.88,13201.2,16920.74
DATAPATTNS,Electronics - Components,3017,9.43,60.11,62.97,77.24,16890.37
GRETEX,Trading,127.35,5.11,5.92,5.86,4.7,53.63
KARURVYSYA,Banks - Private Sector,209,4257.81,9915.83,7441.6,9045.94,16812.73
KSB,Pumps,4809.9,6.87,285.42,213.94,348.44,16743.26
GTL,Telecommunications - Service Provider,13.88,517.14,680.43,897.71,1407.32,218.33
GTLINFRA,Telecommunications - Equipment,3.43,1067.04,1850.16,2613.87,4397.83,4392.81
IEX,Miscellaneous,187.5,1032.57,1443.44,1588.85,1965.87,16719.24
JYOTHYLAB,Personal Care - Indian,453.7,941.09,1447.55,1957.36,2379.64,16660.24
ASAHIINDIA,Glass & Glass Products,683.9,357.69,880.88,813.58,1129.34,16625.59
RITES,Engineering - Turnkey Services,689.15,887.33,1527.93,1888.24,2501.53,16560.39
GVKPIL,Engineering - Turnkey Services,11.26,2740.8,4188.74,5889.44,6654.27,1778.17
MGL,Miscellaneous,1640.65,1306.27,2331.67,3037.12,3747.92,16205.98
HARRMALAYA,Miscellaneous,214,79.55,150.58,157.91,200.57,395.05
INDIAMART,Miscellaneous,2681.1,1402.63,1981.54,2408.44,2346.67,16081.01
HBSL,Finance & Investments,110.6,16.49,20.36,17.86,14.07,78.93
ASTRAZEN,Pharmaceuticals - Multinational,6233.45,165.19,338.37,377.47,388.96,15583.65
HECPROJECT,Engineering - Turnkey Services,120,15.14,11.77,5.62,20.17,121.67
INTELLECT,Computers - Software - Medium / Small,1112.8,580.43,849.26,658.49,274.91,15271.05
JAIBALAJI,Steel - Large,882.9,1023.3,1378.79,1460.46,1102.7,15226.33
BLS,Computers - Software - Medium / Small,369.4,582.24,738.68,934.36,938.81,15209.69
WELSPUNLIV,Textiles - Products,155.4,865.51,1685.08,1972.85,2743.43,15101.91
SANOFI,Pharmaceuticals - Multinational,6550.95,1206.2,2352.7,3048.2,3732.85,15086.84
ANANTRAJ,Construction,441.15,416.29,216.82,1024.86,1056.95,15082.51
AMBER,Electronics - Components,4458.25,67.21,264.22,109.23,204.77,15021.5
FSL,Computers - Software - Medium / Small,213,1934.01,3037.22,3586.97,4123.24,15014.74
ELECON,Engineering,1335.55,811.49,1266,1420.6,1792.42,14984.88
GPIL,Steel - Large,1082.05,1863.2,3179.91,3999.77,4592.32,14709.93
CHENNPETRO,Refineries,986.6,7749.55,6025.16,6337.89,7479.29,14691.58
ZEEL,Entertainment / Electronic Media Software,151.9,530.04,2008.54,2162.24,3707.94,14590.26
PVRINOX,Entertainment / Electronic Media Software,1485.55,1624.38,1498.35,2000.85,1794.28,14578.54
HINDCOMPOS,Auto Ancillaries,524.25,29.88,40.07,79.14,79.6,774.28
HCC,Construction,47.99,873.35,1631.75,3287.95,2889.01,8060.85
HINDNATGLS,Glass & Glass Products,25.07,259.18,365.02,768.83,1257.84,224.51
SPLPETRO,Petrochemicals,771,850.18,1366.44,1661.29,1866.86,14497.98
HINDCON,Chemicals,50.6,4.4,10.61,10.85,14.38,259.04
INGERRAND,Compressors / Drilling Equipment,4586.7,360.22,537.69,633.14,729.89,14479.32
HMVL,Entertainment / Electronic Media Software,97.89,100.25,335.69,438.19,765.39,721.17
HINDMOTORS,Automobiles - Passenger Cars,33.32,12.53,14.87,47.68,100.84,695.27
BBTC,Auto Ancillaries,2064.5,4552.36,7145.47,8635.49,9895.88,14404.43
ERIS,Pharmaceuticals - Indian - Formulations,1049.6,65.3,540.3,935.97,1271.48,14280.09
HISARMETAL,Steel - Medium / Small,197.3,18.5,29.66,44.24,57.55,106.55
VTL,Textiles - Cotton/Blended,488.65,844.37,971.99,334.43,3107.03,14130.55
HITECHCORP,Packaging,217.35,126.93,212.92,176.1,216.03,373.33
HLVLTD,Hotels,24.61,131.29,216.15,764.87,1310.29,1622.44
ENGINERSIN,Engineering - Turnkey Services,249.7,63.7,581.76,1668.26,1994.73,14034.19
HBLPOWER,Auto Ancillaries,504,336.86,562.18,878.93,1089.52,13970.62
NEWGEN,Computers - Software - Medium / Small,990.35,451.56,689.41,744.95,761.5,13893.77
PRAJIND,Engineering,742,406.94,631.32,735.86,912.05,13638.92
EIDPARRY,Sugar,768.25,2523.74,8607.2,8293.52,10401.43,13637.78
HYBRIDFIN,Finance & Investments,11.53,0.84,0.38,0.51,1.18,33.95
GODREJAGRO,Food - Processing - Indian,687,507.82,239.07,555.22,1299.6,13208.29
AKZOINDIA,Paints / Varnishes,2865.6,806.9,1388.5,1565.7,1974.7,13050.02
WESTLIFE,Hotels,835.2,274.26,428.12,428.32,320.05,13023.76
TANLA,Computers - Software - Medium / Small,964.5,949.57,1581.1,1585.62,1678.4,12968.64
RAINBOW,Healthcare,1264.5,315.59,478.46,417.07,314.76,12834.88
IL&FSENGG,Construction,20,42.18,289.91,325.07,13.46,262.25
IL&FSTRANS,Engineering - Turnkey Services,6.68,715.23,847.07,653.02,1179.6,219.75
IMAGICAA,Recreation / Amusement Parks,77.79,108.73,124.06,213.75,120.3,4218.69
INCREDIBLE,Steel - Medium / Small,43,36.32,41.39,116.78,188.08,201.09
INDSWFTLTD,Pharmaceuticals - Indian - Formulations,21.45,59.63,144.56,168.51,140.65,116.19
INDSWFTLAB,Pharmaceuticals - Indian - Bulk Drugs & Formln,135.3,114.66,359.65,332.32,504.45,799.49
GMDCLTD,Mining / Minerals / Metals,396.9,985.36,1111.46,1217.88,1443.53,12621.42
CUB,Banks - Private Sector,167.65,1460.97,4121.45,4209.72,4697.8,12417.39
BIRLACORPN,Cement - North India,1600.85,1535.94,2416.78,3607.4,4233.57,12328.13
BAJAJELEC,Domestic Appliances,1069.7,1486.12,2735.01,1938.68,2642.44,12326.45
PURVA,Construction,517.2,1124.25,1925.05,1736.39,1761.62,12264.89
INDIANCARD,Textile Machinery,275.35,207.58,182.05,143.27,199.07,163.6
GRANULES,Pharmaceuticals - Indian - Bulk Drugs & Formln,492.1,324.19,777.55,314.01,179.8,11926.94
FORCEMOT,Automobiles - LCVs / HCVs,9030.8,768.67,274.98,30.12,394.19,11902.62
INDTERRAIN,Textiles - Products,77.01,34.19,59.86,56.52,66.93,341.11
INDOBORAX,Chemicals,175.75,131.82,160.16,175.71,192.26,563.99
SCI,Shipping,255,2487.89,4590.91,4820.95,7812.67,11877.89
ECLERX,Computers - Software - Medium / Small,2418,1247.59,1872.69,2290.36,3121.03,11854.34
ZYDUSWELL,Food - Processing - Indian,1854,429.5,933.52,1127.13,1331.51,11797.4
USHAMART,Steel - Medium / Small,386.05,422.81,807.35,2661.57,3904.45,11764.56
INFIBEAM,Computers - Software - Medium / Small,30.81,559.85,613.75,682.79,454.07,8571.33
JUBLPHARMA,Pharmaceuticals - Indian - Bulk Drugs,734.35,189.23,2434.53,3727.38,5727.37,11698.23
VOLTAMP,Electric Equipment,11547.1,406.21,504.52,556.15,611.54,11682.32
MINDACORP,Auto Ancillaries,486.8,233.56,492.76,459.96,727.57,11638.38
JKTYRE,Tyres,441.75,1749.69,4151.97,4910.04,5026.51,11517.44
CEATLTD,Tyres,2845.45,843.17,1412.57,1055.19,1244.57,11509.86
TRIL,Electric Equipment,761.45,26.94,124.62,155.7,300.94,11428.04
INSPIRISYS,Computers - Software - Medium / Small,118.9,26.53,131.42,182.39,198.06,471.05
THOMASCOOK,Travel Agencies,241.8,1140.83,573.61,342.97,646.36,11378.83
INTENTECH,Computers - Software - Medium / Small,147.65,30.88,45.51,33.7,6.27,346.5
CERA,Ceramics - Tiles / Sanitaryware,8650.25,374.66,709.76,806.45,913.66,11250.42
INTLCONV,Miscellaneous,83.92,47.78,97.92,75.8,109.07,531.87
INVENTURE,Finance & Investments,3.01,3.74,9.75,5.67,23.56,252.84
CAPLIPOINT,Pharmaceuticals - Indian - Formulations,1474.4,496.03,659.25,695.46,785.67,11206.96
GRAPHITE,Electrodes - Graphites,566.15,493.49,1211.47,4199.62,4731.4,11061.19
ALKYLAMINE,Chemicals,2153.05,56.83,375.36,417.25,502.26,11008.79
NAVA,Diversified - Large,758.1,4691.9,5813.47,6633.08,4465.73,11000.07
IRIS,Computers - Software - Medium / Small,209,9.54,21.88,15.87,29.41,404.65
SAREGAMA,Entertainment / Electronic Media Software,558.6,12.99,251.75,182.31,201.61,10781.52
GNFC,Chemicals,723.35,2814.66,4639.2,7093.02,9589.26,10628.98
ELECTCAST,Castings & Forgings,176.95,375.72,853.94,1172.28,2543.67,10521.58
JAGRAN,Entertainment / Electronic Media Software,90.7,899.75,1612.73,2101.26,3202.55,1974.12
JAGSNPHARM,Pharmaceuticals - Indian - Bulk Drugs & Formln,339,89,128.62,153.75,203.92,896.34
JKLAKSHMI,Cement - North India,890.5,109.17,1525.82,2396.43,1974.45,10478.52
JALAN,Miscellaneous,3.7,5.35,11.68,30.31,39.16,5.38
METROPOLIS,Healthcare,2016,617.53,1017.43,1174.07,1343.95,10327.72
JAYAGROGN,Chemicals,318.7,92.73,437.35,506.97,560.9,956.1
JAYNECOIND,Steel - Large,48.74,2004.28,2716.04,3328.76,3852.27,4732.62
MAHSCOOTER,Finance & Investments,8888,531.78,515.81,508.72,453.29,10159.01
JETKNIT,Textiles - Products,120.25,3.97,4.95,2.9,2.18,53
JPOLYINVST,Finance & Investments,895.9,1769.3,1767.5,1766.82,2546.68,941.57
SAFARI,Moulded Luggage,2074.95,81.71,235.53,126.18,80.77,10118.93
NEULANDLAB,Pharmaceuticals - Indian - Bulk Drugs,7828.5,254.48,347.77,233.56,255.84,10043.85
DBREALTY,Construction,186,16.96,356.39,126.04,209.28,10002.87
MOIL,Mining / Minerals / Metals,489.4,30.39,42.52,579.59,402.35,9958.57
JOCIL,Chemicals,205.5,31.38,41.51,72.46,78.3,182.48
ARVIND,Textiles - Cotton/Blended,376.4,1387.21,2538.18,4910.19,5212.19,9847.74
JPASSOCIAT,Construction,10.33,1621.22,3210.55,18059.88,35552.82,2535.62
JPPOWER,Power Generation And Supply,19.9,3118.61,4841.89,7418.49,12215.78,13638.37
GSFC,Fertilizers,247,415.4,1842,1910.12,2230.61,9842.42
GALAXYSURF,Chemicals,2757.5,641.42,1073.65,1277.74,1476.77,9776.61
PCBL,Chemicals,256.4,165.12,737.41,993.96,1689.38,9678.18
IONEXCHANG,Engineering,654.45,54.85,292.07,445.22,627.53,9598.59
ESABINDIA,Electrodes - Welding Equipment,6181.4,286.18,385.67,455.36,496.16,9513.17
MHRIL,Hotels,462.75,1109.63,1789.8,2236.51,2499.36,9345.33
ITDCEM,Construction,544,680.92,1114.33,752.92,1400.8,9345.22
JKPAPER,Paper,545.55,2639.02,1779.91,2657.4,3701.32,9241.75
JMA,Auto Ancillaries,107,21.33,45.98,47.64,50.32,244.4
QUESS,Diversified - Large,616.65,1268.68,2226.91,2356.61,2338.64,9157.79
LTFOODS,Food - Processing - Indian,263.55,1035.97,1774.35,1594.41,1942.12,9151.83
SANDUMA,Mining / Minerals / Metals,551.75,777.13,722.56,746.53,827.12,8940.27
INDIACEM,Cement - South India,287.6,684.91,1721.94,2243.46,4232.31,8912.62
MAHSEAMLES,Steel - Medium / Small,660.2,1625.57,1955.54,1740.32,1910.21,8846.12
PRSMJOHNSN,Cement - North India,173.95,981.12,2372.73,3014.7,3780.62,8755.93
KAMATHOTEL,Hotels,226.05,318.48,377.55,559.5,681.3,585.6
KIRLPNU,Compressors / Drilling Equipment,1349.65,131.51,141.05,140.45,209.75,8744.96
KANANIIND,Diamond Cutting / Jewellery,2.92,13.91,23.07,14.96,14.32,57.77
JUSTDIAL,Miscellaneous,1027.85,435.23,721.3,1186.32,1462.04,8740.86
KARMAENG,Power Generation And Supply,57.24,7.32,21.77,34.52,48.74,66.23
KAUSHALYA,Hotels,745.7,18.74,22.57,27.6,20.29,25.83
KCPSUGIND,Sugar,45.43,174.48,202.17,71.95,123.98,515.09
MASTEK,Computers - Software - Medium / Small,2751.35,752.84,1197.41,1307.14,1367.32,8488.48
SUNTECK,Construction,579,241.22,382.02,201.23,240.48,8481.57
KEYFINSERV,Finance & Investments,165.6,11.48,18.37,18.54,19.23,116.25
KTKBANK,Banks - Private Sector,224.3,1471.76,4607.97,2938.91,3860.57,8466.47
KHAITANLTD,Trading,79.09,12.9,20.78,40.36,54.47,37.57
PGHL,Pharmaceuticals - Multinational,5072,526.12,581.59,680.67,651.06,8419.53
SHRIPISTON,Auto Ancillaries,1901.05,771.37,1042.14,1127.66,1528.84,8374.1
AHLUCONT,Construction,1243.1,381.39,678.56,798.46,1031.2,8327.21
KKVAPOW,Trading,1119.2,5.45,9.26,8.61,5.47,63.44
KOHINOOR,Food - Processing - Indian,42.38,128.63,107.26,351.32,639.26,157.11
AVANTIFEED,Food - Processing - Indian,608,156.88,640.81,1001.84,1317.32,8283.69
WABAG,Engineering,1329.8,214.8,646.32,348.96,89.52,8270.05
KOTHARIPET,Petrochemicals,139.7,61.4,111.19,154.45,179.78,822.07
KOTARISUG,Sugar,59.32,14.95,102.12,159.78,184.64,491.68
SYMPHONY,Domestic Appliances,1197,316.98,529.89,769.09,1022.41,8254.14
GARFIBRES,Textiles - Products,4044.8,387.37,664.34,769.15,1023.06,8242.53
SHOPERSTOP,Textiles - Products,747.55,1062.41,1372.19,1645.02,1529.05,8220.15
KRITI,Plastics Products,188.9,2.85,39.64,55.51,68.31,936.93
KRITINUT,Solvent Extraction,109,35.09,46.51,76.9,69.59,546.15
SARDAEN,Steel - Medium / Small,232,1616.37,1485.33,1690.13,1886.06,8175.24
RELIGARE,Finance & Investments,242.35,4501.89,8267.14,17565.37,20477.97,7997.86
GANESHHOUC,Construction,955.8,526.35,794.25,999.3,824.25,7970.12
FDC,Pharmaceuticals - Indian - Bulk Drugs & Formln,476.65,232.57,627.57,811.64,894.24,7760.36
LAMBODHARA,Textiles - Cotton/Blended,153,2.85,33.16,53.3,67.43,158.78
LANCORHOL,Construction,42.71,168.22,173.62,196.06,203.75,311.77
POWERMECH,Engineering - Turnkey Services,4901.95,381.64,404.12,382.13,338.1,7749.07
SHAKTIPUMP,Pumps,3848.4,14.56,174.87,134.79,151.66,7710.3
AURIONPRO,Computers - Software - Medium / Small,1378.05,175.28,182.03,213.69,217.75,7608.71
LIBERTSHOE,Leather / Leather Products,381,220.04,277.04,315.65,369.18,649.24
RELINFRA,Engineering - Turnkey Services,191.5,8381.3,10424.21,16252.26,33096.73,7585.91
BALAMINES,Chemicals,2336.8,277.3,338.35,295.05,442.81,7571.49
LINC,Printing & Stationery,577.85,36.91,104.77,116.54,116.29,859.4
DHANUKA,Pesticides / Agrochemicals - Indian,1661.05,128.81,499.3,639.23,880.23,7570.76
TIMETECHNO,Plastics Products,328.6,476.47,795.24,905.3,1225.73,7456.9
LORDSCHLO,Chlor Alkali / Soda Ash,132.5,64.34,67.31,80.58,34.85,333.24
LOTUSEYE,Healthcare,57.81,1.15,7.3,8.39,9.84,120.25
MARKSANS,Pharmaceuticals - Indian - Formulations,164.45,259.54,565.92,591.32,594.6,7452.29
PDSL,Trading,555.9,836.47,1414.28,1462.4,1614.78,7340.74
LYKALABS,Pharmaceuticals - Indian - Bulk Drugs & Formln,108.5,79.54,91.3,121.26,193.49,359.03
LYPSAGEMS,Trading,5.69,14.43,20.3,20.93,22.75,16.77
MKPL,Solvent Extraction,12.48,7.07,8.04,2.47,2.24,468.45
SUPRAJIT,Auto Ancillaries,518.05,434.84,736.38,1014.67,1166.64,7172.96
TCI,Miscellaneous,919.4,562.64,842.82,865.96,849.81,7147.79
MAANALU,Aluminium and Aluminium Products,143.55,47.38,42.99,65.3,24.46,776.4
MANINFRA,Construction,192.5,1211.2,1410.61,1236.55,1111.89,7146.6
MAGNUM,Paper,50,83.03,86.48,92.03,238.59,294.43
GABRIEL,Auto Ancillaries,486.55,165.21,377.99,436.28,649.77,6989.03
MHLXMIRU,Textiles - Processing,200.5,29.14,50.3,51.01,68.35,212.93
JAICORPLTD,Plastics Products,387,220.22,381.83,490.94,697.37,6905.99
SURYAROSNI,Steel - Large,631.95,966.18,1672.31,1777.19,2295.93,6876.72
SHARDAMOTR,Auto Ancillaries,2300,229.41,309.96,444.85,765.08,6838.28
MANAKSIA,Trading,99.1,315.96,548.65,787.47,1459.3,649.62
MANAV,Construction,19.35,7.57,9.67,2.83,7.58,13.23
MANGALAM,Pharmaceuticals - Indian - Bulk Drugs & Formln,104.95,9.82,29.74,50.75,75.15,166.1
JKIL,Construction,896.85,352.61,674.4,570.86,435.54,6786.05
STLTECH,Cables - Telephone,139,413,910.3,1011.37,520.65,6777.75
IFBIND,Domestic Appliances,1661.7,299.39,460.56,548.33,562.11,6733.2
KRBL,Food - Processing - Indian,291.4,242,1766.31,1653.81,2148.29,6669.84
TIIL,Steel - Medium / Small,2890.8,146.64,420.35,206.65,327.5,6637.76
BBOX,Computers - Software - Medium / Small,393,220.88,1586.79,1263.19,1302.66,6605.35
CSBBANK,Banks - Private Sector,379.15,2895.31,3060.02,2153.68,1981.44,6577.73
NESCO,Construction,930.35,571.13,794.52,822,856.85,6555.26
SUDARSCHEM,Dyes And Pigments,946.9,427.26,333.46,363.1,527.07,6555.15
MAZDA,Engineering,1375.85,51.75,71.41,72.28,85.89,551.03
MCLEODRUSS,Tea,27.1,220.88,598.25,1508.59,1579.19,283.06
EPL,Packaging,203.25,478.8,1192.7,1454.86,1895.25,6471.04
MEGASOFT,Pharmaceuticals - Indian - Bulk Drugs & Formln,67.31,75.06,102.58,119.65,160.49,496.56
MELSTAR,Computers - Software - Medium / Small,4.75,2.57,5.25,3.02,4.84,6.79
MENONBE,Bearings,139.15,82.11,116.17,121.37,137.24,779.79
MEP,Construction,8.01,1209.67,2489.19,3292.65,4358.83,147.34
SIS,Miscellaneous,447.75,422.19,1139.17,1424.5,1493.89,6453.41
ASHOKA,Engineering - Turnkey Services,225.75,1139.89,2179.45,2341.68,2681.8,6337.33
MILTON,Miscellaneous,46.8,1.91,9.52,3.66,4.12,79.54
GULFOILLUB,Chemicals,1284.95,529.27,933.21,903.73,1191.52,6321.41
RSYSTEMS,Computers - Software - Medium / Small,527.65,313.31,466.4,422.46,543.89,6242.32
MINDTECK,Computers - Software - Medium / Small,308.75,52.99,98.82,86.25,111.25,785.19
MIRCELECTR,Electronics - Consumer,20.88,5.64,30.45,63,207.88,482.22
MODTHREAD,Textiles - Spinning - Synthetic / Blended,63,13.37,21.91,22.02,40.5,219.12
MHHL,Healthcare,64,35.57,51.82,58.14,52.67,116.7
GAEL,Solvent Extraction,135.45,372.73,679.58,1160.07,1195.04,6212.69
MOLDTECH,Engineering - Turnkey Services,258.45,62.83,93.19,96.01,104.53,738.23
VSTIND,Cigarettes,3991.4,82.04,631.65,1272.92,1548.37,6162.74
MOTOGENFIN,Miscellaneous,34.6,3.21,3.81,28.83,36.64,134
RALLIS,Pesticides / Agrochemicals - Indian,316,204.55,535.32,514.22,1011.86,6145.24
DBCORP,Entertainment / Electronic Media Software,343.1,1096.48,1728.55,2084.54,2887.68,6112.6
MRO-TEK,Construction,76.99,110.9,86.7,82.76,78.69,143.81
GMMPFAUDLR,Engineering,1354.3,490.21,560.72,618.2,660.12,6088.54
MSPL,Steel - Medium / Small,26.49,236.57,488.57,727.77,806.29,1020.95
PTC,Trading,204.9,9061.44,14457.7,12593.08,9134.02,6065.25
MUKTAARTS,Entertainment / Electronic Media Software,70,26.25,70.8,98.37,64.05,158.09
MUNJALSHOW,Auto Ancillaries,158.25,24.57,47.31,163.85,327.44,632.92
RADIOCITY,Entertainment / Electronic Media Software,16.05,58.29,107.19,187.92,79.24,554.82
NAGAFERT,Fertilizers,12.78,355.4,544.45,1124.58,1861.86,764.31
NAGREEKCAP,Finance & Investments,28.47,19.85,111.39,120.76,13.46,35.93
NAGREEKEXP,Textiles - Cotton/Blended,33.9,46.58,42.21,66.71,147.15,105.93
NAHARINDUS,Textiles - Cotton/Blended,138.4,293.4,478.96,587.76,1055.93,597.98
MSTCLTD,Trading,848.45,570.84,1404.14,1468.26,880.8,5973.08
NDL,Textiles - Products,47.85,369.98,510.95,591.66,495.28,689.7
KIRLOSIND,Finance & Investments,5996.6,317.63,219.87,187.5,368.68,5958.77
ORCHPHARMA,Pharmaceuticals - Indian - Bulk Drugs & Formln,1159.45,290.74,390.58,399,1966.58,5880.63
VMART,Trading,2972.05,7.54,147.93,193.56,247.25,5877.81
GRWRHITECH,Packaging,2476.95,371.33,555.58,794.1,1009.65,5754.51
ICRA,Miscellaneous,5900,282.09,373.64,517.19,701.1,5694.23
ORIENTCEM,Cement - South India,270.7,800.64,1679.14,1971.36,1253.69,5545.79
JCHAC,Air-conditioners,2038.8,41.68,363.93,243,341.8,5543.45
TIPSINDLTD,Entertainment / Electronic Media Software,431.1,340.72,413.24,490.62,590.39,5536.49
NECLIFE,Pharmaceuticals - Indian - Bulk Drugs & Formln,31.71,488.42,727.47,963.42,1287.66,711.15
TDPOWERSYS,Electric Equipment,351.95,108.63,149.01,175.34,149.67,5496.89
VAIBHAVGBL,Diamond Cutting / Jewellery,330.2,112.52,564.97,771.78,847.16,5476.16
RAIN,Miscellaneous,160.75,3165.36,4976.91,5957.14,8686.97,5406.84
BBL,Electric Equipment,4705,219.47,225.88,250.98,207.64,5318.08
GHCL,Chemicals,554.35,1502.74,2431.44,2996.11,3620.2,5308.15
HERITGFOOD,Food - Processing - Indian,557.9,233.19,349.18,354.28,440.44,5177.1
WONDERLA,Recreation / Amusement Parks,912.2,113.82,133.52,176.48,77.34,5160.62
NILAINFRA,Construction,12.61,191.86,238.1,221.66,158.03,496.69
HEIDELBERG,Cement - North India,223.75,730.62,1539.73,2249.65,2767.25,5070.51
NIRAJ,Construction,51.76,32.14,8.87,68.01,18.82,207.84
NITCO,Trading,79.99,1.38,41.93,419.54,446.03,574.8
DYNAMATECH,Engineering,7377.7,289.87,559.22,719.9,909.61,5010.51
TEAMLEASE,Miscellaneous,2980,184.5,472,525.33,574.54,4997.15
VRLLOG,Miscellaneous,568.9,247.62,623.54,764.79,1241.08,4976.07
NOIDATOLL,Construction,13.53,20.87,30.13,25.61,152.86,251.94
JAMNAAUTO,Auto Ancillaries,124.05,146.96,127.91,329.59,468.85,4948.84
BANCOINDIA,Auto Ancillaries,690,216.51,367.67,438,635.67,4934.81
BHARATRAS,Pesticides / Agrochemicals - Indian,11865.95,84.48,448.21,345.01,426.55,4930.61
AARTIDRUGS,Pharmaceuticals - Indian - Bulk Drugs,525.5,20.76,311.97,387.23,486.12,4831.16
SHANTIGEAR,Engineering,624.9,95.48,149.44,202.52,271.28,4793.98
OILCOUNTUB,Steel - Medium / Small,37.8,125.26,111.02,168.35,218.1,167.42
KSCL,Miscellaneous,931.95,539.98,893.96,1086.79,1545.75,4793.87
OMAXAUTO,Auto Ancillaries,148,182.11,149.88,156.86,176.93,316.57
TI,Breweries & Distilleries,248.5,234.92,510.71,760.95,913.82,4791.19
OMFURN,Miscellaneous,72,2.81,10.82,0.21,4.95,84.78
ONWARDTEC,Computers - Software - Medium / Small,409.45,33.51,79.93,97.07,131.38,924.52
TCIEXP,Miscellaneous,1239.3,153.01,261.88,331.29,196.15,4751.78
THANGAMAYL,Diamond Cutting / Jewellery,1729.85,177.23,178.72,195.28,407.69,4746.52
ORBTEXP,Textiles - Processing,182.15,56.48,75.57,109.34,158.23,482.09
NOCIL,Chemicals,279.8,370.17,436.73,418.99,725.84,4662.76
ORIENTCER,Refractories / Intermediates,50.75,25.2,83.38,80.38,73.44,607.17
BALMLAWRIE,Diversified - Large,270.5,364.35,705.02,730.79,1054.87,4625.64
GREENPOWER,Power Generation And Supply,20.34,716.08,1184.72,1850.37,2555.45,1994.79
ORIENTLTD,Packaging,107.98,4.7,16.65,16.21,32.25,107.98
SANGHVIMOV,Miscellaneous,1067.75,149.78,467.83,681.11,747.32,4623.32
OCCL,Chemicals,209,172.29,247.29,351.15,433.56,208.8
AGI,Packaging,703.9,283.11,519.45,245.02,640.41,4554.07
ORIENTALTL,Trading,10.91,4.39,18.86,15.35,55.63,32.09
OBCL,Miscellaneous,61.8,25.72,33.2,25.09,30.75,130.28
ORTINLAB,Pharmaceuticals - Indian - Bulk Drugs & Formln,19.8,9.61,27.92,32.07,30.6,16.09
LGBBROSLTD,Auto Ancillaries,1443,432.77,738.51,692.31,792.48,4529.89
KKCL,Textiles - Products,728.9,233.46,367.28,401.94,558.93,4491.86
BOMDYEING,Textiles - Manmade,211.25,1681.32,2429.78,1442.86,1216.68,4363.03
PAKKA,Paper,249.4,39.08,90.97,128.64,150.01,976.85
SUBROS,Auto Ancillaries,668.5,122.2,355.4,413.17,574.53,4361.01
PAR,Pharmaceuticals - Indian - Bulk Drugs,245.87,24.55,42.67,48.11,70.5,302.54
PARSVNATH,Construction,13.33,1107.39,2802.34,3982.7,4028.1,580.11
PASHUPATI,Textiles - Cotton/Blended,480,95.02,102.74,97.32,152.79,733.63
PASUPTAC,Textiles - Manmade,37.98,2.28,1.3,85.59,160.33,338.52
SHARDACROP,Pesticides / Agrochemicals - Indian,476.5,186.91,172.45,400.76,602.13,4299.04
PATELENG,Construction,65.92,1432.27,2067.76,3142.84,3447.31,5566.13
HIKAL,Pharmaceuticals - Indian - Bulk Drugs,346.2,16.69,215.05,305.35,543.97,4268.67
FCL,Chemicals,385,128.1,135.14,142.8,177.67,4264.47
PEARLPOLY,Trading,32.35,47.86,55.65,65.59,90.49,54.44
PENINLAND,Construction,70.58,830.07,1597.11,2314.3,1338.84,2178.8
ADVENZYMES,Pharmaceuticals - Indian - Bulk Drugs & Formln,378.65,297.01,531,752.46,979.02,4234.25
IMFA,Mining / Minerals / Metals,755.1,1089.46,1398.56,1684.38,2360.79,4074.05
TIDEWATER,Chemicals,2329.8,282.17,434.11,576.37,845.45,4059.46
PLASTIBLEN,Chemicals,269.05,99.77,180.63,227.64,233.92,699.24
RAMKY,Construction,585.8,2922.29,3366.48,4114.54,4515.63,4053.6
BANARISUG,Sugar,3220,527.6,536.73,883.87,1308.9,4037.78
KDDL,Miscellaneous,3190.8,15.13,118.83,73.45,70.69,4000.35
LUMAXTECH,Auto Ancillaries,585,267.18,386.35,399.75,452.3,3987.25
ISMTLTD,Steel - Medium / Small,131.65,135.3,230.03,329.76,62.54,3956.1
HGS,Computers - Software - Medium / Small,850.25,541.39,1851.43,2057.53,2209.47,3955.39
PRAENG,Construction,31.33,26.04,35.17,65.84,118.79,219.13
MAHLOG,Miscellaneous,543.95,321.78,570.16,605.69,481.19,3919.18
PRAKASHSTL,Steel - Medium / Small,9.66,71.75,72,53.61,111.07,169.06
SKIPPER,Engineering,357.25,275.77,539.22,663.97,855.74,3876.8
SOTL,Petrochemicals,559.95,406.51,686.52,894.61,1115.08,3869.29
PRECOT,Textiles - Cotton/Blended,530.9,68.33,164.34,248.06,409.73,637.08
BAJAJCON,Personal Care - Indian,269.2,324.99,732.96,1061.52,1620.38,3844.01
PREMIERPOL,Plastics Products,209.5,17.23,34.4,34.91,20.32,438.86
HONDAPOWER,Electric Equipment,3787.05,233.07,331.68,374.25,506.94,3840.07
NUCLEUS,Computers - Software - Medium / Small,1429.9,274.31,448.89,566.27,712.65,3828.34
DATAMATICS,Computers - Software - Medium / Small,646.3,424.88,583.25,658.04,795.65,3815.2
PRIMESECU,Finance & Investments,209.65,6.69,58.67,61.59,54.67,703.33
STYRENIX,Petrochemicals,2145.4,778.51,1232.52,1248.3,1212.5,3773.75
CIGNITITEC,Computers - Software - Medium / Small,1367.55,286.05,507.31,657.74,549.05,3733.45
PROLIFE,Dyes And Pigments,199.5,15.58,29.45,32.9,32,81.68
GIPCL,Power Generation And Supply,241.2,657.61,941.22,1237.67,1542.67,3648.14
PFS,Finance & Investments,46.97,7169.5,11708.34,10629.64,7816.69,3016.82
PTL,Miscellaneous,46.38,103.3,199.71,289.74,395.19,614
VSTTILLERS,Automobiles - Tractors,4192.9,149.92,315.04,279.81,407.86,3622.47
PULZ,Electronics - Consumer,108,3.8,4.8,3.33,4.51,117.76
THYROCARE,Healthcare,680.35,278.58,483.23,647.23,809.88,3602.63
LAOPALA,Glass & Glass Products,324.55,205.73,284.12,363.73,476.37,3602.52
PVP,Construction,24.39,305.26,329.01,305.57,436.7,635.16
THEJO,Engineering,3289.95,52.82,106.71,135.41,137.04,3567.04
DELTACORP,Recreation / Amusement Parks,132.15,93.2,388.9,511.42,804.12,3538.59
NAVNETEDUL,Printing & Stationery,155.55,119.8,601.84,678.1,988.84,3518.78
PGIL,Textiles - Products,805.8,412.01,443.93,456.03,413.1,3513.08
MAITHANALL,Mining / Minerals / Metals,1186.25,635.37,702.15,1282.93,1577.75,3453.36
SWARAJENG,Engines,2836.6,300.7,407.26,509.44,660.67,3445.7
MPSLTD,Computers - Software - Medium / Small,1999.25,330.58,471.43,598.38,728.89,3419.87
RAJTV,Entertainment / Electronic Media Software,97.55,13.07,30.2,52.14,45.16,506.41
SBCL,Mining / Minerals / Metals,591.85,57.97,99.41,95.51,115.48,3409.3
RAJSREESUG,Sugar,76.5,129.02,204.01,415.95,591.29,253.48
RAJVIR,Textiles - Jute - Yarn / Products,6.92,65.5,115.36,70.7,98.33,2.76
NRBBEARING,Bearings,351.45,86.81,245.82,318.8,502.43,3406.34
FIEMIND,Auto Ancillaries,1294.2,200,476.21,532.16,498.2,3406.33
SOMANYCERA,Ceramics - Tiles / Sanitaryware,827.2,103.53,504.82,415.81,325.8,3391.81
PRAKASH,Steel - Medium / Small,188.65,548.92,714.16,877.24,1061.03,3378.36
DALMIASUG,Sugar,414.2,21.38,414.41,674.69,507.95,3352.95
RBL,Auto Ancillaries,998.4,13.9,83.06,129.18,240.38,771.76
KOLTEPATIL,Construction,436.95,292.96,748.86,1040.88,1199.43,3321.01
STYLAMIND,Miscellaneous,1920,131.19,245.8,239.38,154.92,3254.02
CARERATING,Miscellaneous,1087.8,201.71,346.7,560.47,878.06,3250.04
RTNPOWER,Power Generation And Supply,17.89,3114.66,4442.19,5205.29,4867.86,9607.12
BEPL,Petrochemicals,129.9,628.03,803.14,984.13,1102.94,3232.66
POLYPLEX,Packaging,1028.1,635.23,1471.99,1823.32,2818.36,3227.46
RHFL,Finance - Housing,3.5,3525.69,11311.68,6609.66,3530.68,169.77
RPOWER,Power Generation And Supply,28.89,10281.5,18294.77,26393.19,32306.47,11605.06
KCP,Cement - South India,243.55,72.43,319.05,289.62,472.23,3139.9
RGL,Diamond Cutting / Jewellery,102.85,205.04,512.03,116.79,256.87,988.69
VADILALIND,Food - Processing - Indian,4366.3,126.05,191.87,195.8,311.03,3139.36
REPRO,Printing & Stationery,626.7,1.47,56.2,99.4,196.07,896
WENDT,Abrasives And Grinding Wheels,15586.75,68.93,70.72,112.34,158.69,3117.35
AUTOAXLES,Auto Ancillaries,2047.9,298.55,448.93,423.91,601.03,3094.37
SAKSOFT,Computers - Software - Medium / Small,285.4,241.93,347.86,397.92,461.61,3025.54
ROHLTD,Hotels,364.55,112.81,141.11,199.07,253.43,999.79
RPPINFRA,Construction,135.9,68.88,171.69,174.13,259.97,515.6
RUBYMILLS,Textiles - Composite,223.5,223.38,251.79,304.23,377.24,747.39
RUCHINFRA,Miscellaneous,12.5,63.3,127.17,183.48,353.64,281.12
RUCHIRA,Paper,138.25,45.52,59.12,52.51,104.77,412.64
RAJRATAN,Steel - Medium / Small,587.5,36,54.12,48.7,106.98,2982.78
SCHAND,Printing & Stationery,230.2,262.82,382.23,373.64,258.11,810.7
VINDHYATEL,Construction,2495,561.65,780.58,274.89,253.2,2956.62
SALSTEEL,Steel - Sponge Iron,21.3,43.33,84.32,92.71,108.42,180.98
SADBHAV,Construction,28.22,3599.86,5395.95,6586.79,4726.73,484.17
SADBHIN,Construction,5.8,4104.56,5117.32,5693.84,5051.18,204.28
NILKAMAL,Plastics Products,1976,36.1,324.6,409.55,736.59,2948.19
SAGARDEEP,Mining / Minerals / Metals,27.04,1.76,3.5,9.77,21.16,46.1
PRECWIRE,Mining / Minerals / Metals,163.7,85.63,174.49,264.09,318.93,2924.63
SAKHTISUG,Sugar,39.82,439.7,516.76,518.31,713.07,473.3
SAMBHAAV,Entertainment / Electronic Media Software,4.63,19.99,30.01,22.47,16.12,88.49
HPL,Electric Equipment,450.75,174.19,245.12,224.77,202.63,2898.34
MAYURUNIQ,Leather / Leather Products,657.7,121.22,159.39,260.1,394.36,2890.75
EIHAHOTELS,Hotels,930.1,136.07,123.42,206.19,349.47,2834.04
QUICKHEAL,Computers - Software - Medium / Small,514.15,122.26,272.4,406.57,460.87,2752.97
HUHTAMAKI,Packaging,363.45,120.24,475.31,547.48,808,2744.84
VENKEYS,Miscellaneous,1942.4,50.82,232.55,499.12,669.38,2736.33
SANGINITA,Chemicals,18.44,2.96,8.76,10.15,4.96,47.77
RPGLIFE,Pharmaceuticals - Indian - Bulk Drugs & Formln,1652.2,124.25,213.53,238.96,196.3,2732.59
TASTYBITE,Food - Processing - Indian,10648.6,95.67,64.31,100.25,101.22,2732.42
UEL,Electric Equipment,256.45,131.67,175.94,123.23,200.26,2700.45
SARLAPOLY,Textiles - Spinning - Synthetic / Blended,108.05,90.23,126.17,159.56,184.42,902.16
SMLT,Mining / Minerals / Metals,197.75,73.6,86.15,81.11,84.98,270.7
FOSECOIND,Chemicals,4199.95,121.59,180.81,282.92,344.83,2683.76
JASH,Engineering,2141.65,54.08,94.29,70.34,77.03,2679.74
SASKEN,Computers - Software - Medium / Small,1772.05,216.69,431.08,515.46,971.8,2671.87
MANINDS,Steel - Medium / Small,411.3,216.37,347.9,480.06,610.28,2662.58
ADFFOODS,Food - Processing - Indian,242.2,78.11,131.12,165.9,188.34,2660.89
SHK,Chemicals,192,246.91,572.49,516.5,683.16,2657.66
SELMC,Textiles - Cotton/Blended,60.98,135.32,520.96,1464.26,1326.82,202.06
V2RETAIL,Textiles - Products,758.95,177.01,225.68,131.3,115.06,2625.16
ACCELYA,Computers - Software - Medium / Small,1744.9,296.52,442.53,615.88,828.26,2605.14
EVEREADY,Dry Cells,349.95,255.14,686.44,780.73,893.84,2543.45
VSSL,Steel - Medium / Small,312,145.25,303.83,204.35,206.38,2541.53
FMGOETZE,Auto Ancillaries,451.2,207.71,418.15,500.68,677.36,2510.04
JUBLINDS,Chemicals,1653.1,59.28,142.34,235.34,272.26,2490.74
SHEMAROO,Entertainment / Electronic Media Software,146.9,19.61,14.3,171.18,17.97,400.56
SHIVATEX,Textiles - Cotton/Blended,171.2,63.11,182.8,194.18,320.64,221.93
ORIENTHOT,Hotels,136.7,110.29,112.79,142.28,228.29,2441.45
SHIVAMAUTO,Auto Ancillaries,40.54,151.77,264.96,321.25,141.25,495.48
DOLATALGO,Finance & Investments,137.85,104.04,388.14,473.09,461.04,2426.16
SRPL,Solvent Extraction,1.18,16.05,22.28,16.22,33.03,50.55
SHREYANIND,Paper,274.35,148.95,147.47,186.72,234.9,379.16
PANAMAPET,Petrochemicals,396.95,251.79,441.63,355.6,378.75,2401.29
SHYAMCENT,Mining / Minerals / Metals,17.25,59.23,67.75,105.68,112.3,366.01
MANGLMCEM,Cement - North India,871.95,162.83,368.2,419.26,500.75,2397.64
SIDDHIKA,Miscellaneous,295,11.64,14.15,15.53,15.53,91.14
SIGIND,Plastics Products,89.5,92.12,95.26,179.26,274.26,263.46
SILINV,Finance & Investments,555,45.89,52.19,44.2,21.83,588.29
SILVERTUC,Computers - Software - Medium / Small,733.65,0.85,7.66,1.78,8.54,930.33
SIMBHALS,Sugar,33.1,47.76,107.52,71.63,272.07,136.61
SINCLAIR,Hotels,117,57.99,70.58,91.3,118.29,599.75
PENIND,Steel - Medium / Small,174.65,289.13,293.14,137.58,112.92,2356.81
NSIL,Finance & Investments,4575.1,155.03,224.19,271.09,331.31,2351.6
SIYSIL,Textiles - Processing,517,240.02,718.89,700.45,855.79,2345.64
SKMEGGPROD,Food - Processing - Indian,261.55,72.67,76.64,86.2,138.36,688.66
AXISCADES,Computers - Software - Medium / Small,557,136.46,311.74,290.15,318.91,2336.51
SNOWMAN,Miscellaneous,77.19,97.09,190.15,242.13,117.99,1289.75
GOCLCORP,Chemicals,470.45,79.18,49.15,66.89,94.14,2332.11
MUKANDLTD,Steel - Large,161.25,418.4,849.46,1779,2152.8,2330.01
SOMATEX,Trading,33.5,264.45,256.89,257.59,358,110.66
TCPLPACK,Packaging,2537.4,93.92,179.71,189.34,156.15,2309.04
SOMICONVEY,Miscellaneous,191.9,15.23,23.13,29.76,30.87,226.05
ANDHRAPAP,Paper,579,573.38,809.58,1260.11,1570.5,2302.71
SONAMLTD,Miscellaneous,39.61,14.28,6.12,14.58,18.09,158.57
SOUTHBANK,Banks - Private Sector,27.02,4659.09,10966.88,13251.72,15739.51,7068.57
SPLIL,Trading,61.96,7.54,63.91,88.94,82.61,179.68
SRHHYPOLTD,Chemicals,554.95,308.55,449.9,441.87,492.03,952.55
SREEL,Trading,288.45,73.34,112.86,168.25,189.63,667.92
HAVISHA,Hotels,2.52,1.45,14.67,13.52,14.78,76.44
RUPA,Textiles - Products,282.45,151.29,415.27,361.59,609.81,2246.18
AMRUTANJAN,Pharmaceuticals - Indian - Formulations,764.15,61.48,166.12,203.47,241.16,2209.18
STARPAPER,Paper,255.8,73.52,104.37,160.11,217.97,399.31
STARTECK,Finance & Investments,290,117.02,83.7,81.76,134.55,287.4
STEELCITY,Finance & Investments,93,4.94,6.75,31.96,47.25,140.51
STEELXIND,Steel - Medium / Small,14.6,41.33,167.95,273.9,333.02,1732.48
POKARNA,Miscellaneous,712.2,97.06,96.06,183.51,382.15,2208.1
STEL,Finance & Investments,464.55,40.28,51.45,48.86,41.38,857.57
XPROINDIA,Plastics Products,997.85,96.65,174.65,271.36,304.22,2198.72
RAMCOIND,Cement Products,253.25,13.51,119.25,291.1,458.76,2198.45
SGL,Textiles - Processing,17.99,22.41,33.04,37.05,94.32,49.38
DIAMONDYD,Food - Processing - Indian,919.55,67.36,132.82,153.77,159.78,2195.29
INDRAMEDCO,Healthcare,238.5,295.47,346.85,421.96,490.78,2186.35
VIDHIING,Dyes And Pigments,435.4,34.52,65.38,114.83,122.22,2174.61
OMAXE,Construction,118.1,2223.59,3429.07,3826.63,4356.43,2160.07
INDIANHUME,Construction,407.8,279.24,384.41,298.9,467.19,2148.38
SUMEETINDS,Textiles - Manmade,2.14,146.22,246.41,109.23,193.5,22.18
CANTABIL,Textiles - Products,256.7,157.09,265.11,277.61,284.12,2146.99
CENTUM,Electronics - Components,1649,315.03,454.34,409.04,317.93,2126.7
SESHAPAPER,Paper,337.2,634.12,645.75,1061.33,1383.82,2126.65
SUMMITSEC,Finance & Investments,1936.05,120.53,198.6,225.5,299.6,2110.31
SUNDARAM,Printing & Stationery,3.08,19.46,30.27,35.92,107.89,145.96
TAJGVK,Hotels,335.2,221.26,297.39,406.15,522.14,2101.79
COSMOFIRST,Packaging,796.35,235.23,687.26,786.15,844.19,2090.38
RIIL,Miscellaneous,1367.3,36.61,34.42,56.44,112.3,2064.6
ALICON,Castings & Forgings,1247.65,55.84,106.48,90.36,47.53,2028.92
INSECTICID,Pesticides / Agrochemicals - Indian,682.15,112.34,433.49,416.43,433.2,2019.02
SURANASOL,Electric Equipment,38.7,4.71,24.89,27.93,63,190.42
SURANAT&P,Power Generation And Supply,25.57,46,59.55,99.1,20.79,347.15
SURYALAXMI,Textiles - Cotton/Blended,81.4,135.53,257.82,351.89,423.93,153.08
SUTLEJTEX,Textiles - Cotton/Blended,65,277.69,357.68,590.49,578.83,1064.89
GTPL,Entertainment / Electronic Media Software,178.1,184.51,507.09,648.07,597.34,2002.97
SUZLON,Electric Equipment,52.79,1485.36,938.03,1194.06,1708.42,71343.99
WHEELS,Auto Ancillaries,815.8,251.17,235.94,245.6,413.51,1993.26
EXPLEOSOL,Computers - Software - Medium / Small,1258.4,33.36,109.71,171.94,292.54,1952.99
TBZ,Diamond Cutting / Jewellery,122.85,49.47,425.93,475.66,627.99,819.77
TALBROAUTO,Auto Ancillaries,316.25,47.1,131.36,119.66,184.23,1952.17
TNPETRO,Chemicals,96.55,199.49,304.39,398.31,539.32,868.66
TNTELE,Cables - Telephone,10.37,16.09,31.53,48.13,71.77,47.37
TTL,Textiles - Products,114.3,166.85,253.17,340.26,440.38,245.74
THEMISMED,Pharmaceuticals - Indian - Bulk Drugs & Formln,209,6.14,39.69,49.87,73.62,1923.64
ADORWELD,Electrodes - Welding Equipment,1405,21.65,83.7,82.01,68.41,1910.8
TAKE,Miscellaneous,21.05,17.76,204.76,220.89,271.55,311.42
TNPL,Paper,274.05,1732.91,1498.93,2974.78,2529.74,1896.72
DCMSRIND,Sugar,218,99.92,234.58,256.92,266.09,1896.41
PIXTRANS,Miscellaneous,1378.5,184.48,242.5,260.15,329.37,1878.88
SPAL,Textiles - Products,746.05,183.2,251.22,208.01,289.06,1872.03
LIKHITHA,Construction,470.65,23.69,38.71,27.41,24.78,1856.7
INDNIPPON,Auto Ancillaries,819,74.08,120.34,150.24,225.13,1852.68
PRECAM,Auto Ancillaries,191.9,139.84,216.85,218.22,315.83,1822.79
ALLSEC,Computers - Software - Medium / Small,1194.4,179.43,298.21,357.26,445.32,1820.25
HERCULES,Engineering,561.3,123.12,146.33,168.77,172.71,1796.16
INDOTECH,Electric Equipment,1683.2,30.46,22.06,41.32,21.69,1787.56
MADRASFERT,Fertilizers,110.8,484.85,996.98,806.02,916.55,1784.99
PUNJABCHEM,Pesticides / Agrochemicals - Indian,1433.4,23,47.31,131.05,346.26,1757.33
NELCO,Telecommunications - Equipment,767.65,94.36,124.54,114.54,153.75,1751.8
DLINKINDIA,Trading,485.2,150.34,248.33,277.63,274.01,1722.69
TGBHOTELS,Hotels,17.3,21.12,18.8,113.04,183.47,50.67
GOLDIAM,Diamond Cutting / Jewellery,161.2,146.37,248.47,315.99,398.53,1721.56
KIRIINDUS,Dyes And Pigments,331.95,61.46,67.31,92.06,242.3,1720.63
BYKE,Hotels,81.2,48.05,63.37,63.22,87.86,380.81
NAVKARCORP,Miscellaneous,110.95,501.53,488.56,316.18,66.55,1670
SHANKARA,Trading,686.6,80.94,225.05,351.7,582.5,1664.94
GPTINFRA,Construction,282.95,220.99,289.66,359.87,484.6,1645.99
SHREDIGCEM,Cement - North India,111.2,124.23,269.23,337.07,319,1639.16
AMNPLST,Chemicals,294.4,10.86,47.69,53.2,71.65,1619.77
TIJARIA,Plastics Products,17.4,1.24,1.97,24.86,46.89,49.79
ASAL,Auto Ancillaries,1019.2,164.66,190.93,164.93,159.15,1616.46
ANDHRSUGAR,Chlor Alkali / Soda Ash,116.4,160.95,463.44,606.26,774.35,1577.64
MANGCHEFER,Fertilizers,131.5,32.45,1459.89,1126.53,1811.82,1558.53
KOKUYOCMLN,Printing & Stationery,155.35,32.7,142.65,123.9,36.35,1558.22
BUTTERFLY,Domestic Appliances,868,94.01,293.89,313.91,486.31,1551.97
TOKYOPLAST,Plastics Products,118.35,2.66,6.13,7.81,18.35,112.43
IGARASHI,Electric Equipment,490,31.2,114.23,184.16,292.62,1542.26
TOUCHWOOD,Miscellaneous,147.88,3.07,4.5,3.76,3.28,163.86
TPLPLASTEH,Packaging,89,26.01,71.5,67.54,94.46,694.21
GMBREW,Breweries & Distilleries,657,165.2,274.56,367.21,502.86,1501.07
EXCELINDUS,Pesticides / Agrochemicals - Indian,1188.85,170.19,257.96,415.11,443.83,1494.45
TRIDENT,Textiles - Cotton/Blended,38.64,849.78,2077.44,2902.72,3526.08,19691.21
TRIGYN,Computers - Software - Medium / Small,138.85,96.76,159.08,153.51,249.31,427.44
SAURASHCEM,Cement - North India,133.8,18.05,152.54,154.7,300.68,1484.98
ACLGATI,Trading,112.95,107.34,211.38,373.97,447.82,1471.25
DSSL,Computers - Software - Medium / Small,1154.6,27.22,37.79,26.09,27.42,1467.83
DHAMPURSUG,Sugar,223.8,41.07,1115.36,1492.51,1379.2,1463.36
EKC,Packaging,128.9,267.49,398.29,638.23,785.77,1446.34
UCAL,Auto Ancillaries,172.4,45.19,103.46,219.5,442.45,381.17
UGARSUGAR,Sugar,83.81,156.11,116.83,107.33,78.8,942.86
MATRIMONY,Miscellaneous,649.5,162.09,267.92,339.86,340.28,1445.84
NDTV,Entertainment / Electronic Media Software,221.95,19.89,65.59,126.67,54.73,1431.04
UMANGDAIRY,Food - Processing - Indian,117.35,10.15,15.05,21.88,23.58,258.21
HIMATSEIDE,Textiles - Products,145.05,538.57,1181.52,447.08,457.99,1428.21
XCHANGING,Computers - Software - Medium / Small,126.85,65.04,171.82,256.63,316.13,1413.07
KAMDHENU,Steel - Medium / Small,521.5,192.98,216.91,233.78,257.92,1404.69
UNITEDTEA,Tea,397.55,18.32,22.31,30.95,51.17,198.62
NIITLTD,Computers - Education,103.5,221.17,414.41,410.66,434.87,1400.18
CONTROLPR,Computers - Hardware,868,74.96,102.67,131.84,131.7,1388.31
IMPAL,Auto Ancillaries,1097.5,50.13,140.83,165.83,233.85,1369.68
KUANTUM,Paper,156.8,452.18,145.89,135.7,113.64,1368.28
UMESLTD,Computers - Education,5.4,0.94,1.41,1.8,0.23,14.26
TVTODAY,Entertainment / Electronic Media Software,229.05,216.91,551.01,720.88,801.85,1366.71
WALCHANNAG,Engineering,244.8,109.23,219.89,396.43,406.82,1356.39
HUBTOWN,Construction,169,111.18,63.09,587.97,1016.62,1350.92
UTTAMSUGAR,Sugar,349.2,306.25,368.04,465.57,654.61,1331.83
STEELCAS,Castings & Forgings,650.75,83.95,137.48,183.15,221.97,1317.15
VAISHALI,Trading,158.26,1.94,6.99,1.23,0.96,169.67
VARDHACRLC,Textiles - Manmade,55.74,22.98,60.31,85.14,196.38,447.94
VARDMNPOLY,Textiles - Cotton/Blended,10.03,111.58,147.44,252.61,467.64,273.73
DYCL,Cables - Power,586.45,52.26,94.98,48.98,26.84,1291
SATIA,Paper,128.35,227.97,107.94,164.73,135.5,1283.5
APTECHT,Computers - Education,220.8,108.98,130.96,156.53,182.78,1280.49
VASCONEQ,Construction,73.21,45.75,150.87,205.59,331.52,1638.7
VASWANI,Steel - Sponge Iron,35,49.44,85.71,95.87,132.19,105
VENUSREM,Pharmaceuticals - Indian - Formulations,363,101.97,303.63,358.45,504.27,485.24
KECL,Electric Equipment,190.75,113.95,255.5,341.94,304.09,1266.87
VETO,Electric Equipment,128,25.06,46.76,26.85,54.06,244.68
VHLTD,Hotels,115.65,12.95,9.69,36.34,51.4,730.42
MONTECARLO,Textiles - Products,608,50,154.31,282.54,361.04,1260.52
LINCOLN,Pharmaceuticals - Indian - Formulations,626.8,80.07,208.9,264.08,303.48,1255.46
VIKASECO,Diversified - Medium / Small,3.91,188.22,226.55,207.47,145.69,691.57
JAYBARMARU,Auto Ancillaries,109.5,161.65,290.21,209.11,215.04,1185.35
VINYLINDIA,Trading,414,31.77,93.55,69.69,97.21,759.17
VIPCLOTHNG,Textiles - Products,40.35,30.88,50.18,41.54,81.09,333.29
VIPULLTD,Construction,47.29,334.62,711.87,550.74,282.73,567.41
VISESHINFO,Computers - Software - Medium / Small,0.39,2.21,1.44,3.15,4.36,147.21
SANDESH,Entertainment / Electronic Media Software,1550.3,270.52,230.83,345.55,555.71,1173.59
VISHWARAJ,Sugar,16.96,56.87,125.99,72.4,119.58,318.46
IDEA,Telecommunications - Service Provider,17.79,44023.7,54083.6,48576.3,63805.3,120756.5
ENIL,Entertainment / Electronic Media Software,244.8,227.92,355.36,526.05,716.12,1166.97
WIPL,Miscellaneous,164.01,10.23,23.22,31.95,50.65,139.21
HEUBACHIND,Dyes And Pigments,479.45,115.4,241.34,220.37,975.11,1106.65
WANBURY,Pharmaceuticals - Indian - Bulk Drugs & Formln,158.95,39.03,87.81,142.48,227.93,520.49
WEWIN,Computers - Software - Medium / Small,77.52,1.53,6.95,7.51,8.18,78.77
WEALTH,Finance & Investments,798.75,56.04,54.51,77.35,73.71,851.07
WEIZMANIND,Textiles - Processing,134.8,24.04,20.17,51.99,59.86,213.79
INFOBEAN,Computers - Software - Medium / Small,452.4,188.4,217.76,237.6,252.75,1102.44
SELAN,Oil Drilling / Allied Services,724.25,63.94,122.98,248.9,357.11,1100.83
GANESHBE,Miscellaneous,151.55,64.05,122.53,175.29,239.92,1091
MAGADSUGAR,Sugar,771,116.8,135.82,147.95,223.13,1086.45
PDMJEPAPER,Paper,114.2,81.21,209.22,214.35,285.03,1084.32
NCLIND,Cement - South India,239.65,192.9,321.68,257.58,282.68,1084
ADSL,Computers - Software - Medium / Small,194.15,107.25,154.54,206.39,251.78,1075.73
BLISSGVS,Pharmaceuticals - Indian - Formulations,102.45,128.47,172.04,167.41,459.91,1073.08
HEXATRADEX,Trading,192.35,51.57,55.06,52.81,190.98,1062.74
EMKAYTOOLS,Engineering,995,79.35,105.66,132.8,146.82,1061.79
VIMTALABS,Miscellaneous,478.45,42.79,57.71,89.75,64.97,1060.77
ZEELEARN,Computers - Education,7.74,147.74,272.44,463.6,599.44,252.4
ZEEMEDIA,Entertainment / Electronic Media Software,14.75,256.35,441.87,405.49,419.61,922.49
VLSFINANCE,Finance & Investments,303.35,312.26,367.6,320.38,260.04,1055.56
ZENITHSTL,Steel - Medium / Small,12.73,24.65,65.19,95.16,62.5,181.13
POCL,Mining / Minerals / Metals,831.05,93.87,96.71,86.04,94.86,1046.41
ZUARI,Fertilizers,227.35,646.76,4652.01,4370.69,4957.26,956.17
KELLTONTEC,Computers - Software - Medium / Small,107.2,18.58,159.53,242.96,252.42,1044.16
ELECTHERM,Steel - Medium / Small,794.8,511.32,863.6,1240.69,1364.79,1012.8
WINDMACHIN,Engineering,154.5,50.68,105.87,145.54,114.85,1003.21
